{
  "run_tag": "segman_n100_d8_dem_shuffled_lambda1p0_seed0",
  "config_path": "configs\\segman\\d8_n100_seed0\\n100_seed0_dice_ce_d8_dem_shuffled_lambda1p0.yaml",
  "ckpt_path": "E:\\flood_research\\experiments\\segman\\runs\\segman_n100_d8_dem_shuffled_lambda1p0_seed0\\checkpoints\\best_checkpoint.pt",
  "splits": [
    "val",
    "test",
    "bolivia"
  ],
  "n_bins": 10,
  "results": {
    "val": {
      "n_tiles": 86,
      "aggregate": {
        "n_tiles_total": 86,
        "n_tiles_valid": 86,
        "pooled_auc_elev_gt": 0.7536986116802911,
        "pooled_auc_elev_pred_binary": 0.7536274915311609,
        "pooled_auc_model_vs_gt": 0.9766833231739845,
        "pooled_auc_shuffled_gt": 0.5001264611236536,
        "pooled_auc_shuffled_pred": 0.5000546324970268,
        "pooled_mean_h_gt_water": 68.64904022216797,
        "pooled_mean_h_gt_dry": 164.3340301513672,
        "pooled_elev_gap_gt": 95.68498992919922,
        "pooled_mean_h_pred_water": 69.46035766601562,
        "pooled_mean_h_pred_dry": 162.96810913085938,
        "pooled_elev_gap_pred": 93.50775146484375,
        "pooled_pi_gt": [
          0.24199977038374001,
          0.25962713454533987,
          0.22975324135871728,
          0.07610846565017897,
          0.11442773567325114,
          0.08532367039308747,
          0.040029111005665016,
          0.046518010595859416,
          0.006605655753981452,
          0.002162138723766576
        ],
        "pooled_pi_pred": [
          0.23540741857615252,
          0.23444176613424575,
          0.1911575073923132,
          0.05423430330647577,
          0.07993454458374169,
          0.09562684284385298,
          0.04788583045943454,
          0.03879383406127308,
          0.0022158461827282254,
          0.0024528547326595294
        ],
        "pooled_n_bin": [
          2029473,
          2029472,
          2029473,
          2029472,
          2029473,
          2029472,
          2029473,
          2029472,
          2029473,
          2029472
        ],
        "per_tile_auc_elev_gt": {
          "mean": 0.802383466366422,
          "std": 0.18444238981358893,
          "n": 77
        },
        "per_tile_auc_elev_pred_binary": {
          "mean": 0.8013299305495281,
          "std": 0.2100442910318525,
          "n": 69
        },
        "per_tile_auc_model_vs_gt": {
          "mean": 0.8916711949710936,
          "std": 0.13449957967934478,
          "n": 77
        },
        "per_tile_auc_shuffled_gt": {
          "mean": 0.4985972835266071,
          "std": 0.012471148464967467,
          "n": 77
        },
        "per_tile_elev_gap_gt": {
          "mean": 12.153630251814793,
          "std": 31.470318705052755,
          "n": 77
        },
        "per_tile_elev_gap_pred": {
          "mean": 9.561265683584455,
          "std": 20.15205782938896,
          "n": 69
        },
        "per_tile_pi_gt_mean": [
          0.31001333289244304,
          0.21367025038662718,
          0.1737680591511013,
          0.1307978535662839,
          0.09621529412410808,
          0.07063311932810094,
          0.05383843775280175,
          0.044795105979616875,
          0.031504396662075315,
          0.01701917879090028
        ],
        "per_tile_pi_gt_std": [
          0.3666594244660383,
          0.3364675904887884,
          0.3053150629101091,
          0.25599081203162366,
          0.21433792371965213,
          0.1816285311583835,
          0.16398099232388808,
          0.1591626017088062,
          0.1339389269774102,
          0.08119393518883865
        ],
        "per_tile_pi_pred_mean": [
          0.2678934926291848,
          0.19919177119821851,
          0.16354728838308394,
          0.11880116424118843,
          0.08227965701307559,
          0.06096900415718267,
          0.0494240564429517,
          0.042702435002878916,
          0.030877095216222537,
          0.019377423745452916
        ],
        "per_tile_pi_pred_std": [
          0.38375075634351685,
          0.3470261312135345,
          0.32078446564165236,
          0.26304921987254554,
          0.219620885492724,
          0.18794257055982835,
          0.17037850142779795,
          0.16383807414677054,
          0.13600478801712304,
          0.09293720483606382
        ]
      }
    },
    "test": {
      "n_tiles": 89,
      "aggregate": {
        "n_tiles_total": 89,
        "n_tiles_valid": 89,
        "pooled_auc_elev_gt": 0.7614993775165236,
        "pooled_auc_elev_pred_binary": 0.7843446796994871,
        "pooled_auc_model_vs_gt": 0.966469268176904,
        "pooled_auc_shuffled_gt": 0.5000162920938995,
        "pooled_auc_shuffled_pred": 0.5000477053223887,
        "pooled_mean_h_gt_water": 69.10106658935547,
        "pooled_mean_h_gt_dry": 161.65797424316406,
        "pooled_elev_gap_gt": 92.5569076538086,
        "pooled_mean_h_pred_water": 64.50025177001953,
        "pooled_mean_h_pred_dry": 160.93922424316406,
        "pooled_elev_gap_pred": 96.43897247314453,
        "pooled_pi_gt": [
          0.4385971496346754,
          0.02582299778187945,
          0.3270121852849561,
          0.14328061699945802,
          0.10966561503740489,
          0.04141222778553002,
          0.09462913357274036,
          0.022552110723742858,
          0.04243623817282625,
          0.005288692112435518
        ],
        "pooled_pi_pred": [
          0.4485394570551684,
          0.016107814987983353,
          0.31493948785833664,
          0.11154700214842456,
          0.06745016539644214,
          0.02654092605436272,
          0.075518487758659,
          0.020019135006094837,
          0.03960107947558581,
          0.00555919475020178
        ],
        "pooled_n_bin": [
          2051737,
          2051737,
          2051737,
          2051736,
          2051737,
          2051737,
          2051736,
          2051737,
          2051737,
          2051736
        ],
        "per_tile_auc_elev_gt": {
          "mean": 0.8110096938075606,
          "std": 0.17549224292805565,
          "n": 82
        },
        "per_tile_auc_elev_pred_binary": {
          "mean": 0.7629990484619308,
          "std": 0.23052079694940053,
          "n": 71
        },
        "per_tile_auc_model_vs_gt": {
          "mean": 0.9037971126627765,
          "std": 0.1375153127590221,
          "n": 82
        },
        "per_tile_auc_shuffled_gt": {
          "mean": 0.5002075406913558,
          "std": 0.012871207632202886,
          "n": 82
        },
        "per_tile_elev_gap_gt": {
          "mean": 16.7130317904464,
          "std": 41.88108284919177,
          "n": 82
        },
        "per_tile_elev_gap_pred": {
          "mean": 2.4310191719937073,
          "std": 44.82248019927919,
          "n": 71
        },
        "per_tile_pi_gt_mean": [
          0.30445699528368814,
          0.21443560774928688,
          0.16763986377077617,
          0.15078246901348294,
          0.1263574311087779,
          0.11291346431344125,
          0.08909184672424511,
          0.0736604659200459,
          0.05809343910157101,
          0.053975194332401236
        ],
        "per_tile_pi_gt_std": [
          0.3586168214279771,
          0.34122187846510044,
          0.3224045836492182,
          0.311023610140635,
          0.27704848438067803,
          0.2653618253455821,
          0.2385166398769654,
          0.20963487606291226,
          0.19244189439955456,
          0.18775060177736588
        ],
        "per_tile_pi_pred_mean": [
          0.25882299280155047,
          0.19082960543740488,
          0.14198556212555066,
          0.12260515937196013,
          0.1013174289492987,
          0.09726478302036691,
          0.07607249950895527,
          0.06078503902018735,
          0.0466766254705094,
          0.039991683610234995
        ],