{
  "run_tag": "segman_n100_dice_ce_seed0",
  "config_path": "configs\\segman\\multiseed_n100\\n100_seed0_dice_ce.yaml",
  "ckpt_path": "E:\\flood_research\\experiments\\segman\\runs\\segman_n100_dice_ce_seed0\\checkpoints\\best_checkpoint.pt",
  "splits": [
    "val",
    "test",
    "bolivia"
  ],
  "n_bins": 10,
  "results": {
    "val": {
      "n_tiles": 86,
      "aggregate": {
        "n_tiles_total": 86,
        "n_tiles_valid": 86,
        "pooled_auc_elev_gt": 0.7536986116802911,
        "pooled_auc_elev_pred_binary": 0.7453396311631284,
        "pooled_auc_model_vs_gt": 0.9848102260928454,
        "pooled_auc_shuffled_gt": 0.5001264611236536,
        "pooled_auc_shuffled_pred": 0.49998067110792077,
        "pooled_mean_h_gt_water": 68.64904022216797,
        "pooled_mean_h_gt_dry": 164.3340301513672,
        "pooled_elev_gap_gt": 95.68498992919922,
        "pooled_mean_h_pred_water": 69.75636291503906,
        "pooled_mean_h_pred_dry": 164.28988647460938,
        "pooled_elev_gap_pred": 94.53352355957031,
        "pooled_pi_gt": [
          0.24199977038374001,
          0.25962713454533987,
          0.22975324135871728,
          0.07610846565017897,
          0.11442773567325114,
          0.08532367039308747,
          0.040029111005665016,
          0.046518010595859416,
          0.006605655753981452,
          0.002162138723766576
        ],
        "pooled_pi_pred": [
          0.24167160637268886,
          0.24407727724255374,
          0.24218356193947888,
          0.06535394427713218,
          0.10187521588116719,
          0.11144869207360338,
          0.054176626148758816,
          0.04394197111366897,
          0.004893388579202581,
          0.00169157298055849
        ],
        "pooled_n_bin": [
          2029473,
          2029472,
          2029473,
          2029472,
          2029473,
          2029472,
          2029473,
          2029472,
          2029473,
          2029472
        ],
        "per_tile_auc_elev_gt": {
          "mean": 0.802383466366422,
          "std": 0.18444238981358893,
          "n": 77
        },
        "per_tile_auc_elev_pred_binary": {
          "mean": 0.8019184838083037,
          "std": 0.20014904049190277,
          "n": 75
        },
        "per_tile_auc_model_vs_gt": {
          "mean": 0.9300061161720529,
          "std": 0.08964030344881953,
          "n": 77
        },
        "per_tile_auc_shuffled_gt": {
          "mean": 0.4985972835266071,
          "std": 0.012471148464967467,
          "n": 77
        },
        "per_tile_elev_gap_gt": {
          "mean": 12.153630251814793,
          "std": 31.470318705052755,
          "n": 77
        },
        "per_tile_elev_gap_pred": {
          "mean": 11.909525869190693,
          "std": 21.232700687304174,
          "n": 75
        },
        "per_tile_pi_gt_mean": [
          0.31001333289244304,
          0.21367025038662718,
          0.1737680591511013,
          0.1307978535662839,
          0.09621529412410808,
          0.07063311932810094,
          0.05383843775280175,
          0.044795105979616875,
          0.031504396662075315,
          0.01701917879090028
        ],
        "per_tile_pi_gt_std": [
          0.3666594244660383,
          0.3364675904887884,
          0.3053150629101091,
          0.25599081203162366,
          0.21433792371965213,
          0.1816285311583835,
          0.16398099232388808,
          0.1591626017088062,
          0.1339389269774102,
          0.08119393518883865
        ],
        "per_tile_pi_pred_mean": [
          0.2935577672885149,
          0.21963475530441126,
          0.18001290731765282,
          0.13291191795324273,
          0.097655903344494,
          0.07309103785384205,
          0.05885159846525027,
          0.0508561116995043,
          0.03654361746523207,
          0.025067322601579952
        ],
        "per_tile_pi_pred_std": [
          0.3835308802009598,
          0.3539043099620763,
          0.32165114585894616,
          0.27065827460210196,
          0.22942212319528632,
          0.19497151008680108,
          0.1785891190249191,
          0.1722883071322697,
          0.1422345302176829,
          0.10101594855958401
        ]
      }
    },
    "test": {
      "n_tiles": 89,
      "aggregate": {
        "n_tiles_total": 89,
        "n_tiles_valid": 89,
        "pooled_auc_elev_gt": 0.7614993775165236,
        "pooled_auc_elev_pred_binary": 0.7683820483018304,
        "pooled_auc_model_vs_gt": 0.986494992179822,
        "pooled_auc_shuffled_gt": 0.5000162920938995,
        "pooled_auc_shuffled_pred": 0.5000643726788594,
        "pooled_mean_h_gt_water": 69.10106658935547,
        "pooled_mean_h_gt_dry": 161.65797424316406,
        "pooled_elev_gap_gt": 92.5569076538086,
        "pooled_mean_h_pred_water": 68.78012084960938,
        "pooled_mean_h_pred_dry": 161.58889770507812,
        "pooled_elev_gap_pred": 92.80877685546875,
        "pooled_pi_gt": [
          0.4385971496346754,
          0.02582299778187945,
          0.3270121852849561,
          0.14328061699945802,
          0.10966561503740489,
          0.04141222778553002,
          0.09462913357274036,
          0.022552110723742858,
          0.04243623817282625,
          0.005288692112435518
        ],
        "pooled_pi_pred": [
          0.4511538272205453,
          0.03277076935299212,
          0.34197219234239085,
          0.1174020439276788,
          0.0788244302266811,
          0.0375291764977675,
          0.11018620329321122,
          0.02058499700497676,
          0.044528611610552424,
          0.004908038851002273
        ],
        "pooled_n_bin": [
          2051737,
          2051737,
          2051737,
          2051736,
          2051737,
          2051737,
          2051736,
          2051737,
          2051737,
          2051736
        ],
        "per_tile_auc_elev_gt": {
          "mean": 0.8110096938075606,
          "std": 0.17549224292805565,
          "n": 82
        },
        "per_tile_auc_elev_pred_binary": {
          "mean": 0.8148787566826103,
          "std": 0.17721587506143718,
          "n": 77
        },
        "per_tile_auc_model_vs_gt": {
          "mean": 0.9285039537891161,
          "std": 0.1300297379851935,
          "n": 82
        },
        "per_tile_auc_shuffled_gt": {
          "mean": 0.5002075406913558,
          "std": 0.012871207632202886,
          "n": 82
        },
        "per_tile_elev_gap_gt": {
          "mean": 16.7130317904464,
          "std": 41.88108284919177,
          "n": 82
        },
        "per_tile_elev_gap_pred": {
          "mean": 7.550100865350529,
          "std": 32.74492169922158,
          "n": 77
        },
        "per_tile_pi_gt_mean": [
          0.30445699528368814,
          0.21443560774928688,
          0.16763986377077617,
          0.15078246901348294,
          0.1263574311087779,
          0.11291346431344125,
          0.08909184672424511,
          0.0736604659200459,
          0.05809343910157101,
          0.053975194332401236
        ],
        "per_tile_pi_gt_std": [
          0.3586168214279771,
          0.34122187846510044,
          0.3224045836492182,
          0.311023610140635,
          0.27704848438067803,
          0.2653618253455821,
          0.2385166398769654,
          0.20963487606291226,
          0.19244189439955456,
          0.18775060177736588
        ],
        "per_tile_pi_pred_mean": [
          0.2869908225992313,
          0.21164166405150897,
          0.156489445464612,
          0.13468382567068357,
          0.11160819889922302,
          0.1047221606742944,
          0.0817917314404675,
          0.06512185340113545,
          0.04886314946031118,
          0.042093072033305264
        ],