{
  "run_tag": "segman_n100_d8_lambda100p0_seed0",
  "config_path": "C:\\flood_research\\repos\\physics-informed-flood-segmentation\\configs\\segman\\d8_n100_seed0\\n100_seed0_dice_ce_d8_lambda100p0.yaml",
  "ckpt_path": "E:\\flood_research\\experiments\\segman\\runs\\segman_n100_d8_lambda100p0_seed0\\checkpoints\\best_checkpoint.pt",
  "splits": [
    "val"
  ],
  "n_bins": 10,
  "results": {
    "val": {
      "n_tiles": 3,
      "aggregate": {
        "n_tiles_total": 3,
        "n_tiles_valid": 3,
        "pooled_auc_elev_gt": 0.9870602471281442,
        "pooled_auc_elev_pred_binary": 0.9878996802583861,
        "pooled_auc_model_vs_gt": 0.9971284189522915,
        "pooled_auc_shuffled_gt": 0.5005858293932359,
        "pooled_auc_shuffled_pred": 0.5000905547985486,
        "pooled_mean_h_gt_water": 88.69696807861328,
        "pooled_mean_h_gt_dry": 164.97616577148438,
        "pooled_elev_gap_gt": 76.2791976928711,
        "pooled_mean_h_pred_water": 88.81137084960938,
        "pooled_mean_h_pred_dry": 166.06541442871094,
        "pooled_elev_gap_pred": 77.25404357910156,
        "pooled_pi_gt": [
          0.9751605762601154,
          0.6445303285976085,
          0.11761077040316435,
          0.01926950084372108,
          0.0,
          0.0,
          0.0,
          0.0,
          0.0,
          0.0
        ],
        "pooled_pi_pred": [
          0.9968066190078746,
          0.6969317583873134,
          0.1528649707878216,
          0.02879538402917642,
          0.0,
          0.0,
          0.0,
          0.0,
          0.0,
          0.0
        ],
        "pooled_n_bin": [
          55114,
          55113,
          55114,
          55113,
          55113,
          55114,
          55113,
          55114,
          55113,
          55113
        ],
        "per_tile_auc_elev_gt": {
          "mean": 0.9569057797064892,
          "std": 0.0,
          "n": 1
        },
        "per_tile_auc_elev_pred_binary": {
          "mean": 0.9582794310267929,
          "std": 0.0,
          "n": 1
        },
        "per_tile_auc_model_vs_gt": {
          "mean": 0.9904377975497005,
          "std": 0.0,
          "n": 1
        },
        "per_tile_auc_shuffled_gt": {
          "mean": 0.49887813925318086,
          "std": 0.0,
          "n": 1
        },
        "per_tile_elev_gap_gt": {
          "mean": 6.4491119384765625,
          "std": 0.0,
          "n": 1
        },
        "per_tile_elev_gap_pred": {
          "mean": 6.5688629150390625,
          "std": 0.0,
          "n": 1
        },
        "per_tile_pi_gt_mean": [
          0.328631250982578,
          0.3234718232360045,
          0.31086624076376684,
          0.2338607097428861,
          0.09558518772599295,
          0.04053223570438337,
          0.03284311623719075,
          0.014563592448084152,
          0.0032442939015849877,
          2.858531286624932e-05
        ],
        "per_tile_pi_gt_std": [
          0.5692060236567446,
          0.5602696326616987,
          0.5384361233607834,
          0.40505863116879676,
          0.16555840159242882,
          0.0702038915843493,
          0.05688594600170476,
          0.025224882060808158,
          0.005619281872231061,
          4.951121423459616e-05
        ],
        "per_tile_pi_pred_mean": [
          0.3333333333333333,
          0.3332189969843788,
          0.31878403292886853,
          0.2507681973445383,
          0.12006745844588318,
          0.054366933927882354,
          0.040689448184195856,
          0.020480498506481443,
          0.005488144749817777,
          2.858531286624932e-05
        ],
        "per_tile_pi_pred_std": [
          0.5773502691896258,
          0.5771522328240847,
          0.5521501416745103,
          0.4343432587231991,
          0.2079629383639346,
          0.09416629181483241,
          0.07047619158696843,
          0.03547326397756437,
          0.009505745545976774,
          4.951121423459616e-05
        ]
      }
    }
  }
}