{
  "run_tag": "segman_n100_d8_lambda100p0_seed0",
  "config_path": "configs\\segman\\d8_n100_seed0\\n100_seed0_dice_ce_d8_lambda100p0.yaml",
  "ckpt_path": "E:\\flood_research\\experiments\\segman\\runs\\segman_n100_d8_lambda100p0_seed0\\checkpoints\\best_checkpoint.pt",
  "splits": [
    "val",
    "test",
    "bolivia"
  ],
  "n_bins": 10,
  "results": {
    "val": {
      "n_tiles": 86,
      "aggregate": {
        "n_tiles_total": 86,
        "n_tiles_valid": 86,
        "pooled_auc_elev_gt": 0.7536986116802911,
        "pooled_auc_elev_pred_binary": 0.7478732872993892,
        "pooled_auc_model_vs_gt": 0.9805176951023606,
        "pooled_auc_shuffled_gt": 0.5001264611236536,
        "pooled_auc_shuffled_pred": 0.4999783370849373,
        "pooled_mean_h_gt_water": 68.64904022216797,
        "pooled_mean_h_gt_dry": 164.3340301513672,
        "pooled_elev_gap_gt": 95.68498992919922,
        "pooled_mean_h_pred_water": 68.76776885986328,
        "pooled_mean_h_pred_dry": 164.66342163085938,
        "pooled_elev_gap_pred": 95.8956527709961,
        "pooled_pi_gt": [
          0.24199977038374001,
          0.25962713454533987,
          0.22975324135871728,
          0.07610846565017897,
          0.11442773567325114,
          0.08532367039308747,
          0.040029111005665016,
          0.046518010595859416,
          0.006605655753981452,
          0.002162138723766576
        ],
        "pooled_pi_pred": [
          0.2442964257223427,
          0.24311545071821636,
          0.25178556206463454,
          0.08348575393008625,
          0.09716758981272478,
          0.12175777739234639,
          0.04693090275160103,
          0.041614764825530975,
          0.0029879678123335466,
          0.0013392645969000803
        ],
        "pooled_n_bin": [
          2029473,
          2029472,
          2029473,
          2029472,
          2029473,
          2029472,
          2029473,
          2029472,
          2029473,
          2029472
        ],
        "per_tile_auc_elev_gt": {
          "mean": 0.802383466366422,
          "std": 0.18444238981358893,
          "n": 77
        },
        "per_tile_auc_elev_pred_binary": {
          "mean": 0.8074202790335755,
          "std": 0.18959939802623663,
          "n": 76
        },
        "per_tile_auc_model_vs_gt": {
          "mean": 0.9080345005319207,
          "std": 0.11547125181295594,
          "n": 77
        },
        "per_tile_auc_shuffled_gt": {
          "mean": 0.4985972835266071,
          "std": 0.012471148464967467,
          "n": 77
        },
        "per_tile_elev_gap_gt": {
          "mean": 12.153630251814793,
          "std": 31.470318705052755,
          "n": 77
        },
        "per_tile_elev_gap_pred": {
          "mean": 11.982374447888057,
          "std": 21.267113119116985,
          "n": 76
        },
        "per_tile_pi_gt_mean": [
          0.31001333289244304,
          0.21367025038662718,
          0.1737680591511013,
          0.1307978535662839,
          0.09621529412410808,
          0.07063311932810094,
          0.05383843775280175,
          0.044795105979616875,
          0.031504396662075315,
          0.01701917879090028
        ],
        "per_tile_pi_gt_std": [
          0.3666594244660383,
          0.3364675904887884,
          0.3053150629101091,
          0.25599081203162366,
          0.21433792371965213,
          0.1816285311583835,
          0.16398099232388808,
          0.1591626017088062,
          0.1339389269774102,
          0.08119393518883865
        ],
        "per_tile_pi_pred_mean": [
          0.28846202876870103,
          0.2205275825844018,
          0.18493700666894808,
          0.137612457110788,
          0.10196249701476098,
          0.07886045694955492,
          0.0628966383871315,
          0.052408619363759346,
          0.03825679572330896,
          0.02518616599081456
        ],
        "per_tile_pi_pred_std": [
          0.3781214247012744,
          0.3489731652858004,
          0.3232290252638571,
          0.26991300313222,
          0.23243742176197565,
          0.2028922003680242,
          0.18597711027211328,
          0.17821147604642792,
          0.1539645101357084,
          0.11189882690182507
        ]
      }
    },
    "test": {
      "n_tiles": 89,
      "aggregate": {
        "n_tiles_total": 89,
        "n_tiles_valid": 89,
        "pooled_auc_elev_gt": 0.7614993775165236,
        "pooled_auc_elev_pred_binary": 0.7726229892387,
        "pooled_auc_model_vs_gt": 0.983265122757647,
        "pooled_auc_shuffled_gt": 0.5000162920938995,
        "pooled_auc_shuffled_pred": 0.5000408659646483,
        "pooled_mean_h_gt_water": 69.10106658935547,
        "pooled_mean_h_gt_dry": 161.65797424316406,
        "pooled_elev_gap_gt": 92.5569076538086,
        "pooled_mean_h_pred_water": 67.79547119140625,
        "pooled_mean_h_pred_dry": 161.79296875,
        "pooled_elev_gap_pred": 93.99749755859375,
        "pooled_pi_gt": [
          0.4385971496346754,
          0.02582299778187945,
          0.3270121852849561,
          0.14328061699945802,
          0.10966561503740489,
          0.04141222778553002,
          0.09462913357274036,
          0.022552110723742858,
          0.04243623817282625,
          0.005288692112435518
        ],
        "pooled_pi_pred": [
          0.4566442970029784,
          0.02675489109959025,
          0.35694730854880524,
          0.12012559120666597,
          0.0768587786836227,
          0.03459458985240311,
          0.10742268985873427,
          0.01940453381695607,
          0.04119387621317937,
          0.0059442345408961
        ],
        "pooled_n_bin": [
          2051737,
          2051737,
          2051737,
          2051736,
          2051737,
          2051737,
          2051736,
          2051737,
          2051737,
          2051736
        ],
        "per_tile_auc_elev_gt": {
          "mean": 0.8110096938075606,
          "std": 0.17549224292805565,
          "n": 82
        },
        "per_tile_auc_elev_pred_binary": {
          "mean": 0.8026291932880102,
          "std": 0.19197245847662264,
          "n": 74
        },
        "per_tile_auc_model_vs_gt": {
          "mean": 0.9168947328985902,
          "std": 0.13904744328527172,
          "n": 82
        },
        "per_tile_auc_shuffled_gt": {
          "mean": 0.5002075406913558,
          "std": 0.012871207632202886,
          "n": 82
        },
        "per_tile_elev_gap_gt": {
          "mean": 16.7130317904464,
          "std": 41.88108284919177,
          "n": 82
        },
        "per_tile_elev_gap_pred": {
          "mean": 3.933921637919706,
          "std": 49.15637289775294,
          "n": 74
        },
        "per_tile_pi_gt_mean": [
          0.30445699528368814,
          0.21443560774928688,
          0.16763986377077617,
          0.15078246901348294,
          0.1263574311087779,
          0.11291346431344125,
          0.08909184672424511,
          0.0736604659200459,
          0.05809343910157101,
          0.053975194332401236
        ],
        "per_tile_pi_gt_std": [
          0.3586168214279771,
          0.34122187846510044,
          0.3224045836492182,
          0.311023610140635,
          0.27704848438067803,
          0.2653618253455821,
          0.2385166398769654,
          0.20963487606291226,
          0.19244189439955456,
          0.18775060177736588
        ],
        "per_tile_pi_pred_mean": [
          0.28195224063354307,
          0.2121681989300058,
          0.15861012548688783,
          0.13867298349016988,
          0.11557451042469838,
          0.10806799813811584,
          0.08250061539962887,
          0.06541869151411417,
          0.04938678916694823,
          0.042244224112142965
        ],