{
  "run_tag": "segman_n100_d8_dem_shuffled_lambda100p0_seed0",
  "config_path": "configs\\segman\\d8_n100_seed0\\n100_seed0_dice_ce_d8_dem_shuffled_lambda100p0.yaml",
  "ckpt_path": "E:\\flood_research\\experiments\\segman\\runs\\segman_n100_d8_dem_shuffled_lambda100p0_seed0\\checkpoints\\best_checkpoint.pt",
  "splits": [
    "val",
    "test",
    "bolivia"
  ],
  "n_bins": 10,
  "results": {
    "val": {
      "n_tiles": 86,
      "aggregate": {
        "n_tiles_total": 86,
        "n_tiles_valid": 86,
        "pooled_auc_elev_gt": 0.7536986116802911,
        "pooled_auc_elev_pred_binary": 0.7466375584654068,
        "pooled_auc_model_vs_gt": 0.9822522342550355,
        "pooled_auc_shuffled_gt": 0.5001264611236536,
        "pooled_auc_shuffled_pred": 0.5000113841633886,
        "pooled_mean_h_gt_water": 68.64904022216797,
        "pooled_mean_h_gt_dry": 164.3340301513672,
        "pooled_elev_gap_gt": 95.68498992919922,
        "pooled_mean_h_pred_water": 69.02436828613281,
        "pooled_mean_h_pred_dry": 164.9827880859375,
        "pooled_elev_gap_pred": 95.95841979980469,
        "pooled_pi_gt": [
          0.24199977038374001,
          0.25962713454533987,
          0.22975324135871728,
          0.07610846565017897,
          0.11442773567325114,
          0.08532367039308747,
          0.040029111005665016,
          0.046518010595859416,
          0.006605655753981452,
          0.002162138723766576
        ],
        "pooled_pi_pred": [
          0.2488409552627702,
          0.24636309345484933,
          0.26974194778644506,
          0.07444202235852478,
          0.09993825983395689,
          0.12244810472871762,
          0.056745273280304785,
          0.0437591649453651,
          0.0035151982805388393,
          0.0012269201053278882
        ],
        "pooled_n_bin": [
          2029473,
          2029472,
          2029473,
          2029472,
          2029473,
          2029472,
          2029473,
          2029472,
          2029473,
          2029472
        ],
        "per_tile_auc_elev_gt": {
          "mean": 0.802383466366422,
          "std": 0.18444238981358893,
          "n": 77
        },
        "per_tile_auc_elev_pred_binary": {
          "mean": 0.8142931628927156,
          "std": 0.18934828983526875,
          "n": 75
        },
        "per_tile_auc_model_vs_gt": {
          "mean": 0.9237243518487578,
          "std": 0.0970204211551433,
          "n": 77
        },
        "per_tile_auc_shuffled_gt": {
          "mean": 0.4985972835266071,
          "std": 0.012471148464967467,
          "n": 77
        },
        "per_tile_elev_gap_gt": {
          "mean": 12.153630251814793,
          "std": 31.470318705052755,
          "n": 77
        },
        "per_tile_elev_gap_pred": {
          "mean": 12.348710779150327,
          "std": 21.48610786777487,
          "n": 75
        },
        "per_tile_pi_gt_mean": [
          0.31001333289244304,
          0.21367025038662718,
          0.1737680591511013,
          0.1307978535662839,
          0.09621529412410808,
          0.07063311932810094,
          0.05383843775280175,
          0.044795105979616875,
          0.031504396662075315,
          0.01701917879090028
        ],
        "per_tile_pi_gt_std": [
          0.3666594244660383,
          0.3364675904887884,
          0.3053150629101091,
          0.25599081203162366,
          0.21433792371965213,
          0.1816285311583835,
          0.16398099232388808,
          0.1591626017088062,
          0.1339389269774102,
          0.08119393518883865
        ],
        "per_tile_pi_pred_mean": [
          0.29877128993724505,
          0.2267551666298876,
          0.1891118148795734,
          0.14094770698863346,
          0.10378736904016674,
          0.07958882606272011,
          0.06385279831068628,
          0.05402135564146461,
          0.03986371731277356,
          0.029181603609718235
        ],
        "per_tile_pi_pred_std": [
          0.3877678738944448,
          0.36133255402128567,
          0.33277436997177234,
          0.28017408703550484,
          0.23911440812578094,
          0.20643653043923385,
          0.18986440687222167,
          0.182507795699742,
          0.15377844736689583,
          0.11471456930365904
        ]
      }
    },
    "test": {
      "n_tiles": 89,
      "aggregate": {
        "n_tiles_total": 89,
        "n_tiles_valid": 89,
        "pooled_auc_elev_gt": 0.7614993775165236,
        "pooled_auc_elev_pred_binary": 0.7720122358837223,
        "pooled_auc_model_vs_gt": 0.9656138630764676,
        "pooled_auc_shuffled_gt": 0.5000162920938995,
        "pooled_auc_shuffled_pred": 0.5000588341243976,
        "pooled_mean_h_gt_water": 69.10106658935547,
        "pooled_mean_h_gt_dry": 161.65797424316406,
        "pooled_elev_gap_gt": 92.5569076538086,
        "pooled_mean_h_pred_water": 68.54069519042969,
        "pooled_mean_h_pred_dry": 162.08883666992188,
        "pooled_elev_gap_pred": 93.54814147949219,
        "pooled_pi_gt": [
          0.4385971496346754,
          0.02582299778187945,
          0.3270121852849561,
          0.14328061699945802,
          0.10966561503740489,
          0.04141222778553002,
          0.09462913357274036,
          0.022552110723742858,
          0.04243623817282625,
          0.005288692112435518
        ],
        "pooled_pi_pred": [
          0.46704767716330114,
          0.04864707318725548,
          0.34880055289737427,
          0.1198146350212698,
          0.07810942630561324,
          0.031296896239625255,
          0.11362865397887448,
          0.024817995678783393,
          0.04463193869389693,
          0.006706515848042828
        ],
        "pooled_n_bin": [
          2051737,
          2051737,
          2051737,
          2051736,
          2051737,
          2051737,
          2051736,
          2051737,
          2051737,
          2051736
        ],
        "per_tile_auc_elev_gt": {
          "mean": 0.8110096938075606,
          "std": 0.17549224292805565,
          "n": 82
        },
        "per_tile_auc_elev_pred_binary": {
          "mean": 0.8212969400476345,
          "std": 0.176409579270137,
          "n": 77
        },
        "per_tile_auc_model_vs_gt": {
          "mean": 0.9211605701101249,
          "std": 0.1401693005169606,
          "n": 82
        },
        "per_tile_auc_shuffled_gt": {
          "mean": 0.5002075406913558,
          "std": 0.012871207632202886,
          "n": 82
        },
        "per_tile_elev_gap_gt": {
          "mean": 16.7130317904464,
          "std": 41.88108284919177,
          "n": 82
        },
        "per_tile_elev_gap_pred": {
          "mean": 7.858943431311614,
          "std": 33.351607170449974,
          "n": 77
        },
        "per_tile_pi_gt_mean": [
          0.30445699528368814,
          0.21443560774928688,
          0.16763986377077617,
          0.15078246901348294,
          0.1263574311087779,
          0.11291346431344125,
          0.08909184672424511,
          0.0736604659200459,
          0.05809343910157101,
          0.053975194332401236
        ],
        "per_tile_pi_gt_std": [
          0.3586168214279771,
          0.34122187846510044,
          0.3224045836492182,
          0.311023610140635,
          0.27704848438067803,
          0.2653618253455821,
          0.2385166398769654,
          0.20963487606291226,
          0.19244189439955456,
          0.18775060177736588
        ],
        "per_tile_pi_pred_mean": [
          0.28741843670137696,
          0.21540540596906507,
          0.16423180280674404,
          0.14565578270777907,
          0.12192261909868841,
          0.11182792985761841,
          0.08687447622983159,
          0.06846717267364974,
          0.05144890912056303,
          0.042966129516030016
        ],