{
  "run_tag": "segman_n100_d8_lambda1p0_seed0",
  "config_path": "configs\\segman\\d8_n100_seed0\\n100_seed0_dice_ce_d8_lambda1p0.yaml",
  "ckpt_path": "E:\\flood_research\\experiments\\segman\\runs\\segman_n100_d8_lambda1p0_seed0\\checkpoints\\best_checkpoint.pt",
  "splits": [
    "val",
    "test",
    "bolivia"
  ],
  "n_bins": 10,
  "results": {
    "val": {
      "n_tiles": 86,
      "aggregate": {
        "n_tiles_total": 86,
        "n_tiles_valid": 86,
        "pooled_auc_elev_gt": 0.7536986116802911,
        "pooled_auc_elev_pred_binary": 0.7546850761996083,
        "pooled_auc_model_vs_gt": 0.984506039262901,
        "pooled_auc_shuffled_gt": 0.5001264611236536,
        "pooled_auc_shuffled_pred": 0.5000214691167156,
        "pooled_mean_h_gt_water": 68.64904022216797,
        "pooled_mean_h_gt_dry": 164.3340301513672,
        "pooled_elev_gap_gt": 95.68498992919922,
        "pooled_mean_h_pred_water": 68.4177017211914,
        "pooled_mean_h_pred_dry": 163.16241455078125,
        "pooled_elev_gap_pred": 94.74471282958984,
        "pooled_pi_gt": [
          0.24199977038374001,
          0.25962713454533987,
          0.22975324135871728,
          0.07610846565017897,
          0.11442773567325114,
          0.08532367039308747,
          0.040029111005665016,
          0.046518010595859416,
          0.006605655753981452,
          0.002162138723766576
        ],
        "pooled_pi_pred": [
          0.23545028684786642,
          0.2362885518992132,
          0.19674220844524662,
          0.055037467873417324,
          0.0858523370352796,
          0.09031560918307815,
          0.042966819464954696,
          0.04244355182037495,
          0.0031357894389331615,
          0.0016033726998943567
        ],
        "pooled_n_bin": [
          2029473,
          2029472,
          2029473,
          2029472,
          2029473,
          2029472,
          2029473,
          2029472,
          2029473,
          2029472
        ],
        "per_tile_auc_elev_gt": {
          "mean": 0.802383466366422,
          "std": 0.18444238981358893,
          "n": 77
        },
        "per_tile_auc_elev_pred_binary": {
          "mean": 0.8152198234639891,
          "std": 0.19598673809741832,
          "n": 72
        },
        "per_tile_auc_model_vs_gt": {
          "mean": 0.9275324530870354,
          "std": 0.09712580564617096,
          "n": 77
        },
        "per_tile_auc_shuffled_gt": {
          "mean": 0.4985972835266071,
          "std": 0.012471148464967467,
          "n": 77
        },
        "per_tile_elev_gap_gt": {
          "mean": 12.153630251814793,
          "std": 31.470318705052755,
          "n": 77
        },
        "per_tile_elev_gap_pred": {
          "mean": 12.360326424448026,
          "std": 23.015429353604556,
          "n": 72
        },
        "per_tile_pi_gt_mean": [
          0.31001333289244304,
          0.21367025038662718,
          0.1737680591511013,
          0.1307978535662839,
          0.09621529412410808,
          0.07063311932810094,
          0.05383843775280175,
          0.044795105979616875,
          0.031504396662075315,
          0.01701917879090028
        ],
        "per_tile_pi_gt_std": [
          0.3666594244660383,
          0.3364675904887884,
          0.3053150629101091,
          0.25599081203162366,
          0.21433792371965213,
          0.1816285311583835,
          0.16398099232388808,
          0.1591626017088062,
          0.1339389269774102,
          0.08119393518883865
        ],
        "per_tile_pi_pred_mean": [
          0.2754245143977744,
          0.2018556032195584,
          0.16394713162790964,
          0.11840187897933542,
          0.08368792401234913,
          0.059799142084689706,
          0.047100797170021594,
          0.04159373140469176,
          0.03021767877137407,
          0.018264902294300427
        ],
        "per_tile_pi_pred_std": [
          0.38515417586835465,
          0.3489940238971679,
          0.3182977258013235,
          0.26180995415614233,
          0.22061859241884813,
          0.18376101124560903,
          0.166108533055843,
          0.16180350343064875,
          0.13690496860380127,
          0.09195955569445009
        ]
      }
    },
    "test": {
      "n_tiles": 89,
      "aggregate": {
        "n_tiles_total": 89,
        "n_tiles_valid": 89,
        "pooled_auc_elev_gt": 0.7614993775165236,
        "pooled_auc_elev_pred_binary": 0.78139111050169,
        "pooled_auc_model_vs_gt": 0.9862359704327359,
        "pooled_auc_shuffled_gt": 0.5000162920938995,
        "pooled_auc_shuffled_pred": 0.4999540375910957,
        "pooled_mean_h_gt_water": 69.10106658935547,
        "pooled_mean_h_gt_dry": 161.65797424316406,
        "pooled_elev_gap_gt": 92.5569076538086,
        "pooled_mean_h_pred_water": 64.95060729980469,
        "pooled_mean_h_pred_dry": 161.05882263183594,
        "pooled_elev_gap_pred": 96.10821533203125,
        "pooled_pi_gt": [
          0.4385971496346754,
          0.02582299778187945,
          0.3270121852849561,
          0.14328061699945802,
          0.10966561503740489,
          0.04141222778553002,
          0.09462913357274036,
          0.022552110723742858,
          0.04243623817282625,
          0.005288692112435518
        ],
        "pooled_pi_pred": [
          0.44696030729084674,
          0.01950006262985948,
          0.31821134970027837,
          0.11293022104208339,
          0.07044177689440703,
          0.02857140072046271,
          0.07837460569975864,
          0.019171560487528373,
          0.043276014420951615,
          0.00470235936787189
        ],
        "pooled_n_bin": [
          2051737,
          2051737,
          2051737,
          2051736,
          2051737,
          2051737,
          2051736,
          2051737,
          2051737,
          2051736
        ],
        "per_tile_auc_elev_gt": {
          "mean": 0.8110096938075606,
          "std": 0.17549224292805565,
          "n": 82
        },
        "per_tile_auc_elev_pred_binary": {
          "mean": 0.8106906805030242,
          "std": 0.1904551617750507,
          "n": 77
        },
        "per_tile_auc_model_vs_gt": {
          "mean": 0.9246495617917377,
          "std": 0.13743813951942432,
          "n": 82
        },
        "per_tile_auc_shuffled_gt": {
          "mean": 0.5002075406913558,
          "std": 0.012871207632202886,
          "n": 82
        },
        "per_tile_elev_gap_gt": {
          "mean": 16.7130317904464,
          "std": 41.88108284919177,
          "n": 82
        },
        "per_tile_elev_gap_pred": {
          "mean": 7.044090715599815,
          "std": 38.32366589041997,
          "n": 77
        },
        "per_tile_pi_gt_mean": [
          0.30445699528368814,
          0.21443560774928688,
          0.16763986377077617,
          0.15078246901348294,
          0.1263574311087779,
          0.11291346431344125,
          0.08909184672424511,
          0.0736604659200459,
          0.05809343910157101,
          0.053975194332401236
        ],
        "per_tile_pi_gt_std": [
          0.3586168214279771,
          0.34122187846510044,
          0.3224045836492182,
          0.311023610140635,
          0.27704848438067803,
          0.2653618253455821,
          0.2385166398769654,
          0.20963487606291226,
          0.19244189439955456,
          0.18775060177736588
        ],
        "per_tile_pi_pred_mean": [
          0.2684652012669387,
          0.19722330058210294,
          0.14289251475747103,
          0.12295753064781768,
          0.1019240525092315,
          0.09713920794249235,
          0.07474359548883273,
          0.06044263012593659,
          0.04524875871827765,
          0.03819736239125206
        ],