{
  "summary": {
    "suffix": "n100_seed0",
    "splits": [
      "train"
    ],
    "n_tiles_total": 3,
    "n_tiles_shuffled": 3,
    "shuffle_map_path": "C:\\flood_research\\repos\\physics-informed-flood-segmentation\\manifests\\terramind_baseline\\low_data_multiseed_n100\\dem_shuffle_map_n100_seed0.json",
    "shuffle_map_entries": 100,
    "s0": 1.0,
    "synthetic_shuffle_used": false,
    "per_split": {
      "train": {
        "n_tiles": 3,
        "n_with_shuffle": 3,
        "real_current_loss_weighted_viol_frac": {
          "mean": 0.0014840837971933777,
          "std": 0.0021251948806894514,
          "n": 3
        },
        "shuffled_current_loss_weighted_viol_frac": {
          "mean": 0.002067083890353536,
          "std": 0.0027667735958670273,
          "n": 3
        },
        "delta_current_loss_weighted_viol_frac": {
          "mean": -0.0005830000931601585,
          "std": 0.0006548924441173269,
          "n": 3
        },
        "pct_real_better_current_loss_weighted_viol_frac": 66.66666666666667,
        "real_current_loss_unweighted_viol_frac": {
          "mean": 0.0006898714068384017,
          "std": 0.0007831089064494998,
          "n": 3
        },
        "shuffled_current_loss_unweighted_viol_frac": {
          "mean": 0.0007990903963489927,
          "std": 0.0007944012347626823,
          "n": 3
        },
        "delta_current_loss_unweighted_viol_frac": {
          "mean": -0.00010921898951059106,
          "std": 0.0001498268209613667,
          "n": 3
        },
        "pct_real_better_current_loss_unweighted_viol_frac": 66.66666666666667,
        "real_d8_weighted_viol_frac": {
          "mean": 0.001704796597898119,
          "std": 0.0024700923690673593,
          "n": 3
        },
        "shuffled_d8_weighted_viol_frac": {
          "mean": 0.002123971379547399,
          "std": 0.002706778714942457,
          "n": 3
        },
        "delta_d8_weighted_viol_frac": {
          "mean": -0.0004191747816492798,
          "std": 0.00036305687049021,
          "n": 3
        },
        "pct_real_better_d8_weighted_viol_frac": 66.66666666666667,
        "real_d8_unweighted_viol_frac": {
          "mean": 0.0008327088337633879,
          "std": 0.0010010453032893625,
          "n": 3
        },
        "shuffled_d8_unweighted_viol_frac": {
          "mean": 0.001048976726011794,
          "std": 0.001101587595954681,
          "n": 3
        },
        "delta_d8_unweighted_viol_frac": {
          "mean": -0.00021626789224840618,
          "std": 0.000200373272853014,
          "n": 3
        },
        "pct_real_better_d8_unweighted_viol_frac": 66.66666666666667,
        "real_delta_mean_elev": {
          "mean": 10.137413024902344,
          "std": 5.990457682224113,
          "n": 2
        },
        "shuffled_delta_mean_elev": {
          "mean": 1.772378921508789,
          "std": 0.923904775129977,
          "n": 2
        },
        "delta_delta_mean_elev": {
          "mean": 8.365034103393555,
          "std": 5.066552907094136,
          "n": 2
        },
        "pct_real_better_delta_mean_elev": 100.0,
        "real_elev_auc": {
          "mean": 0.8472739521899184,
          "std": 0.15045936528416542,
          "n": 2
        },
        "shuffled_elev_auc": {
          "mean": 0.7093893915801843,
          "std": 0.08403280753449284,
          "n": 2
        },
        "delta_elev_auc": {
          "mean": 0.13788456060973409,
          "std": 0.06642655774967259,
          "n": 2
        },
        "pct_real_better_elev_auc": 100.0
      }
    }
  },
  "per_split": {
    "train": {
      "n_tiles": 3,
      "n_with_shuffle": 3,
      "real_current_loss_weighted_viol_frac": {
        "mean": 0.0014840837971933777,
        "std": 0.0021251948806894514,
        "n": 3
      },
      "shuffled_current_loss_weighted_viol_frac": {
        "mean": 0.002067083890353536,
        "std": 0.0027667735958670273,
        "n": 3
      },
      "delta_current_loss_weighted_viol_frac": {
        "mean": -0.0005830000931601585,
        "std": 0.0006548924441173269,
        "n": 3
      },
      "pct_real_better_current_loss_weighted_viol_frac": 66.66666666666667,
      "real_current_loss_unweighted_viol_frac": {
        "mean": 0.0006898714068384017,
        "std": 0.0007831089064494998,
        "n": 3
      },
      "shuffled_current_loss_unweighted_viol_frac": {
        "mean": 0.0007990903963489927,
        "std": 0.0007944012347626823,
        "n": 3
      },
      "delta_current_loss_unweighted_viol_frac": {
        "mean": -0.00010921898951059106,
        "std": 0.0001498268209613667,
        "n": 3
      },
      "pct_real_better_current_loss_unweighted_viol_frac": 66.66666666666667,
      "real_d8_weighted_viol_frac": {
        "mean": 0.001704796597898119,
        "std": 0.0024700923690673593,
        "n": 3
      },
      "shuffled_d8_weighted_viol_frac": {
        "mean": 0.002123971379547399,
        "std": 0.002706778714942457,
        "n": 3
      },
      "delta_d8_weighted_viol_frac": {
        "mean": -0.0004191747816492798,
        "std": 0.00036305687049021,
        "n": 3
      },
      "pct_real_better_d8_weighted_viol_frac": 66.66666666666667,
      "real_d8_unweighted_viol_frac": {
        "mean": 0.0008327088337633879,
        "std": 0.0010010453032893625,
        "n": 3
      },
      "shuffled_d8_unweighted_viol_frac": {
        "mean": 0.001048976726011794,
        "std": 0.001101587595954681,
        "n": 3
      },
      "delta_d8_unweighted_viol_frac": {
        "mean": -0.00021626789224840618,
        "std": 0.000200373272853014,
        "n": 3
      },
      "pct_real_better_d8_unweighted_viol_frac": 66.66666666666667,
      "real_delta_mean_elev": {
        "mean": 10.137413024902344,
        "std": 5.990457682224113,
        "n": 2
      },
      "shuffled_delta_mean_elev": {
        "mean": 1.772378921508789,
        "std": 0.923904775129977,
        "n": 2
      },
      "delta_delta_mean_elev": {
        "mean": 8.365034103393555,
        "std": 5.066552907094136,
        "n": 2
      },
      "pct_real_better_delta_mean_elev": 100.0,
      "real_elev_auc": {
        "mean": 0.8472739521899184,
        "std": 0.15045936528416542,
        "n": 2
      },
      "shuffled_elev_auc": {
        "mean": 0.7093893915801843,
        "std": 0.08403280753449284,
        "n": 2
      },
      "delta_elev_auc": {
        "mean": 0.13788456060973409,
        "std": 0.06642655774967259,
        "n": 2
      },
      "pct_real_better_elev_auc": 100.0
    }
  }
}