{
  "matched_epoch_table": {
    "22": {
      "baseline_val_miou": 0.7661239094600647,
      "baseline_precision": 0.6613120573872437,
      "baseline_recall": 0.8711336451250332,
      "baseline_topo_vf": 0.001180678141286136,
      "baseline_pred_px": 2947554.0,
      "d8_real_val_miou": 0.8267901751939306,
      "d8_real_precision": 0.815618510729661,
      "d8_real_recall": 0.8276362450030278,
      "d8_real_topo_vf": 0.0010649208164529192,
      "d8_real_pred_px": 2270575.0,
      "d8_shuf_val_miou": 0.8401266495923844,
      "d8_shuf_precision": 0.8869248235802891,
      "d8_shuf_recall": 0.7900724211824697,
      "d8_shuf_topo_vf": 0.0006480754296876193,
      "d8_shuf_pred_px": 1993258.0,
      "real_minus_shuf": -0.013336474398453757,
      "real_minus_base": 0.06066626573386591,
      "shuf_minus_base": 0.07400274013231967
    },
    "31": {
      "baseline_val_miou": 0.8479212890350247,
      "baseline_precision": 0.8799261607864833,
      "baseline_recall": 0.8131260879377727,
      "baseline_topo_vf": 0.0008735357177065395,
      "baseline_pred_px": 2067736.0,
      "d8_real_val_miou": 0.8585988219693044,
      "d8_real_precision": 0.9059573783891279,
      "d8_real_recall": 0.8133544571092753,
      "d8_real_topo_vf": 0.0007754757576891298,
      "d8_real_pred_px": 2008887.0,
      "d8_shuf_val_miou": 0.8331708140119993,
      "d8_shuf_precision": 0.7997826214870746,
      "d8_shuf_recall": 0.8625816442133442,
      "d8_shuf_topo_vf": 0.0009126303350116334,
      "d8_shuf_pred_px": 2413302.0,
      "real_minus_shuf": 0.025428007957305043,
      "real_minus_base": 0.010677532934279643,
      "shuf_minus_base": -0.0147504750230254
    },
    "34": {
      "baseline_val_miou": 0.854557434322133,
      "baseline_precision": 0.8504267251241068,
      "baseline_recall": 0.8571579881167588,
      "baseline_topo_vf": 0.001121893911956438,
      "baseline_pred_px": 2255316.0,
      "d8_real_val_miou": 0.8543106511845139,
      "d8_real_precision": 0.8760464394081836,
      "d8_real_recall": 0.8308159840543796,
      "d8_real_topo_vf": 0.0008914918159260863,
      "d8_real_pred_px": 2122077.0,
      "d8_shuf_val_miou": 0.8291323074711312,
      "d8_shuf_precision": 0.778858809014354,
      "d8_shuf_recall": 0.8790934950538634,
      "d8_shuf_topo_vf": 0.001020755024434524,
      "d8_shuf_pred_px": 2525572.0,
      "real_minus_shuf": 0.025178343713382678,
      "real_minus_base": -0.0002467831376191665,
      "shuf_minus_base": -0.025425126851001845
    }
  },
  "d8_activation": {
    "baseline": {
      "max_eff_d8": 0.0,
      "max_eff_d8_epoch": 1,
      "mean_eff_d8": 0.0,
      "eff_d8_at_best_ep": null,
      "ever_above_0p1pct": false,
      "ever_above_1pct": false,
      "ever_above_3pct": false,
      "max_lambda": 0.0,
      "max_raw_d8_loss": 0.0
    },
    "d8_real": {
      "max_eff_d8": 9.834104714442465e-05,
      "max_eff_d8_epoch": 37,
      "mean_eff_d8": 4.067974359776494e-05,
      "eff_d8_at_best_ep": 7.124506791525255e-05,
      "ever_above_0p1pct": false,
      "ever_above_1pct": false,
      "ever_above_3pct": false,
      "max_lambda": 1.0,
      "max_raw_d8_loss": 4.1545565390350704e-05
    },
    "d8_shuf": {
      "max_eff_d8": 0.00011991745540493347,
      "max_eff_d8_epoch": 21,
      "mean_eff_d8": 6.0383289358875254e-05,
      "eff_d8_at_best_ep": 7.512694185708652e-05,
      "ever_above_0p1pct": false,
      "ever_above_1pct": false,
      "ever_above_3pct": false,
      "max_lambda": 1.0,
      "max_raw_d8_loss": 6.604068162232579e-05
    }
  },
  "dem_geometry": {
    "valid": {
      "split_prefix": "valid",
      "n_tiles": 86,
      "n_tiles_ok": 86,
      "total_pixels": 22544384,
      "frac_w0": 0.056190845578215846,
      "frac_w_pos": 0.9438091544217841,
      "frac_w_gt01": 0.7200742765914562,
      "frac_w_gt05": 0.2809511229049328,
      "frac_w_eq1": 0.13205390752748,
      "frac_0_to_01": 0.22373487783032794,
      "mean_drop_tiles": 0.5287919635342997,
      "mean_w_tiles": 0.3595812953575406
    },
    "train": {
      "split_prefix": "train",
      "n_tiles": 100,
      "n_tiles_ok": 100,
      "total_pixels": 26214400,
      "frac_w0": 0.03310264587402344,
      "frac_w_pos": 0.9668973541259765,
      "frac_w_gt01": 0.7474826049804687,
      "frac_w_gt05": 0.28944293975830077,
      "frac_w_eq1": 0.14154426574707032,
      "frac_0_to_01": 0.21941474914550782,
      "mean_drop_tiles": 0.563918958902359,
      "mean_w_tiles": 0.37310310520231726
    }
  },
  "eval_by_tag": {
    "baseline": {
      "valid": {
        "split": "valid",
        "tp": 1917981.0,
        "fp": 337335.0,
        "fn": 319624.0,
        "tn": 17719785.0,
        "valid_pixel_count": 20294725.0,
        "support_water": 2237605.0,
        "water_pred_pixels": 2255316.0,
        "accuracy": 0.9676290760283768,
        "balanced_accuracy": 0.9192382187852461,
        "iou_water": 0.7448643463537015,
        "iou_background": 0.9642505222905646,
        "mean_iou": 0.854557434322133,
        "f1_water": 0.8537790893719253,
        "f1_background": 0.9817999398224688,
        "macro_f1": 0.917789514597197,
        "precision_water": 0.8504267251241068,
        "recall_water": 0.8571579881167588,
        "specificity": 0.9813184494537335,
        "fpr": 0.018681550546266513,
        "fnr": 0.14284201188324122,
        "gt_water_ratio": 0.1102554974260553,
        "pred_water_ratio": 0.11112818725062794,
        "water_ratio_error": 0.0008726898245726422,
        "pred_gt_ratio": 1.0079151592886144,
        "topo_violation_fraction": 0.001121893911956438,
        "topo_descending_pairs": 38649822.0,
        "topo_violation_pairs": 43361.0
      },
      "test": {
        "split": "test",
        "tp": 2207957.0,
        "fp": 335890.0,
        "fn": 358144.0,
        "tn": 17615376.0,
        "valid_pixel_count": 20517367.0,
        "support_water": 2566101.0,
        "water_pred_pixels": 2543847.0,
        "accuracy": 0.9661733398832316,
        "balanced_accuracy": 0.9208607011456482,
        "iou_water": 0.760842125285709,
        "iou_background": 0.9620941362938511,
        "mean_iou": 0.86146813078978,
        "f1_water": 0.8641798311841921,
        "f1_background": 0.9806809148424711,
        "macro_f1": 0.9224303730133316,
        "precision_water": 0.8679598262002393,
        "recall_water": 0.8604326174223073,
        "specificity": 0.9812887848689892,
        "fpr": 0.018711215131010817,
        "fnr": 0.13956738257769277,
        "gt_water_ratio": 0.1250697031446579,
        "pred_water_ratio": 0.12398506104608842,
        "water_ratio_error": 0.0010846420985694827,
        "pred_gt_ratio": 0.9913276991045947,
        "topo_violation_fraction": 0.001099195702794047,
        "topo_descending_pairs": 38490871.0,
        "topo_violation_pairs": 42309.0
      },
      "bolivia": {
        "split": "bolivia",
        "tp": 395551.0,
        "fp": 78010.0,
        "fn": 59313.0,
        "tn": 2334941.0,
        "valid_pixel_count": 2867815.0,
        "support_water": 454864.0,
        "water_pred_pixels": 473561.0,
        "accuracy": 0.9521158094228532,
        "balanced_accuracy": 0.9186365374437258,
        "iou_water": 0.7422974286604338,
        "iou_background": 0.9444545566331104,
        "mean_iou": 0.8433759926467721,
        "f1_water": 0.8520903680965075,
        "f1_background": 0.9714339205421861,
        "macro_f1": 0.9117621443193469,
        "precision_water": 0.835269373956048,
        "recall_water": 0.869602782370115,
        "specificity": 0.9676702925173366,
        "fpr": 0.032329707482663346,
        "fnr": 0.130397217629885,
        "gt_water_ratio": 0.1586099521761341,
        "pred_water_ratio": 0.1651295498489268,
        "water_ratio_error": 0.0065195976727926985,
        "pred_gt_ratio": 1.0411045939005945,
        "topo_violation_fraction": 0.00188701342246587,
        "topo_descending_pairs": 5609923.0,
        "topo_violation_pairs": 10586.0
      }
    },