{
  "experiment": "SEGMAN_cvpr2025_n100_lambda_sweep_seed0",
  "model": "SegMAN-S",
  "n_train": 100,
  "seed": 0,
  "lambdas_tested": [
    1.0,
    2.0,
    4.0
  ],
  "baseline_tag": "segman_n100_dice_ce_seed0",
  "baseline_test_miou": 0.86146813078978,
  "baseline_bolivia_miou": 0.8433759926467721,
  "n_loaded": 6,
  "n_missing": 0,
  "missing_runs": [],
  "per_run": [
    {
      "tag": "segman_n100_topo_lambda1p0_seed0",
      "condition": "dice_ce_topo",
      "lambda_topo": 1.0,
      "status": "done",
      "best_epoch": 40,
      "last_epoch": 55,
      "best_val_miou": 0.8493536089354785,
      "val_mean_iou": 0.8493536089354785,
      "val_iou_water": 0.7366090364292985,
      "val_f1_water": 0.8483303046077264,
      "val_precision_water": 0.8283992040655351,
      "val_recall_water": 0.8692441248567107,
      "val_topo_violation_fraction": 0.0010778833599802866,
      "val_train_loss_total": null,
      "val_train_loss_topo": null,
      "val_train_loss_dice_ce": null,
      "test_mean_iou": 0.8514348697031466,
      "test_iou_water": 0.7446781155723685,
      "test_f1_water": 0.8536567392295917,
      "test_precision_water": 0.8388410819237008,
      "test_recall_water": 0.8690051560714095,
      "test_topo_violation_fraction": 0.001089557053671246,
      "test_train_loss_total": null,
      "test_train_loss_topo": null,
      "test_train_loss_dice_ce": null,
      "bolivia_mean_iou": 0.8442076530375897,
      "bolivia_iou_water": 0.7432465669970069,
      "bolivia_f1_water": 0.8527153657641856,
      "bolivia_precision_water": 0.8420610389220659,
      "bolivia_recall_water": 0.8636427591543846,
      "bolivia_topo_violation_fraction": 0.0016816630103479138,
      "bolivia_train_loss_total": null,
      "bolivia_train_loss_topo": null,
      "bolivia_train_loss_dice_ce": null,
      "train_loss_total": 0.4391480350494385,
      "train_loss_topo": 0.01309800021117553,
      "train_loss_dice": 0.2827900779247284,
      "train_loss_ce": 0.14325995195657015,
      "lambda_topo_epoch": 1.0,
      "effective_topo_contribution": 0.030742868894586755,
      "val_delta_vs_baseline": -0.005203825386654537,
      "test_delta_vs_baseline": -0.010033261086633383,
      "bolivia_delta_vs_baseline": 0.0008316603908176123
    },
    {
      "tag": "segman_n100_topo_dem_shuffled_lambda1p0_seed0",
      "condition": "dice_ce_topo_dem_shuffled",
      "lambda_topo": 1.0,
      "status": "done",
      "best_epoch": 30,
      "last_epoch": 45,
      "best_val_miou": 0.8462577622014288,
      "val_mean_iou": 0.8462577622014288,
      "val_iou_water": 0.7300851359050764,
      "val_f1_water": 0.8439875249527994,
      "val_precision_water": 0.8514406457061695,
      "val_recall_water": 0.8366637543266126,
      "val_topo_violation_fraction": 0.0009736137982731201,
      "val_train_loss_total": null,
      "val_train_loss_topo": null,
      "val_train_loss_dice_ce": null,
      "test_mean_iou": 0.858292050514998,
      "test_iou_water": 0.7554525217838116,
      "test_f1_water": 0.8606926275808985,
      "test_precision_water": 0.864292582598407,
      "test_recall_water": 0.8571225372656806,
      "test_topo_violation_fraction": 0.0009467959298712674,
      "test_train_loss_total": null,
      "test_train_loss_topo": null,
      "test_train_loss_dice_ce": null,
      "bolivia_mean_iou": 0.8414932293609243,
      "bolivia_iou_water": 0.7390675733857761,
      "bolivia_f1_water": 0.8499584313988348,
      "bolivia_precision_water": 0.8361734306432709,
      "bolivia_recall_water": 0.86420556474023,
      "bolivia_topo_violation_fraction": 0.0016000219610857404,
      "bolivia_train_loss_total": null,
      "bolivia_train_loss_topo": null,
      "bolivia_train_loss_dice_ce": null,
      "train_loss_total": 0.5080455228686332,
      "train_loss_topo": 0.02134675761219114,
      "train_loss_dice": 0.32453973770141603,
      "train_loss_ce": 0.1621590307354927,
      "lambda_topo_epoch": 1.0,
      "effective_topo_contribution": 0.043860307435641975,
      "val_delta_vs_baseline": -0.00829967212070426,
      "test_delta_vs_baseline": -0.0031760802747820005,
      "bolivia_delta_vs_baseline": -0.0018827632858477994
    },
    {
      "tag": "segman_n100_topo_lambda2p0_seed0",
      "condition": "dice_ce_topo",
      "lambda_topo": 2.0,
      "status": "done",
      "best_epoch": 34,
      "last_epoch": 49,
      "best_val_miou": 0.8471283533199447,
      "val_mean_iou": 0.8471283533199447,
      "val_iou_water": 0.7310955294043163,
      "val_f1_water": 0.8446622580741018,
      "val_precision_water": 0.8645063483039606,
      "val_recall_water": 0.8257087376905218,
      "val_topo_violation_fraction": 0.0010443256375152258,
      "val_train_loss_total": null,
      "val_train_loss_topo": null,
      "val_train_loss_dice_ce": null,
      "test_mean_iou": 0.8641218361197237,
      "test_iou_water": 0.7648513819504369,
      "test_f1_water": 0.8667601020377779,
      "test_precision_water": 0.8833941865024528,
      "test_recall_water": 0.8507408710724949,
      "test_topo_violation_fraction": 0.0009796868457458393,
      "test_train_loss_total": null,
      "test_train_loss_topo": null,
      "test_train_loss_dice_ce": null,
      "bolivia_mean_iou": 0.8435184584896928,
      "bolivia_iou_water": 0.7413152103360999,
      "bolivia_f1_water": 0.8514428702348669,
      "bolivia_precision_water": 0.8542304245361304,
      "bolivia_recall_water": 0.8486734496464877,
      "bolivia_topo_violation_fraction": 0.001670076398553064,
      "bolivia_train_loss_total": null,
      "bolivia_train_loss_topo": null,
      "bolivia_train_loss_dice_ce": null,
      "train_loss_total": 0.5111863806843757,
      "train_loss_topo": 0.015611467957496643,
      "train_loss_dice": 0.30683229804039003,
      "train_loss_ce": 0.1731311469525099,
      "lambda_topo_epoch": 2.0,
      "effective_topo_contribution": 0.06505273732972554,
      "val_delta_vs_baseline": -0.007429081002188309,
      "test_delta_vs_baseline": 0.0026537053299436897,
      "bolivia_delta_vs_baseline": 0.00014246584292065823
    },
    {
      "tag": "segman_n100_topo_dem_shuffled_lambda2p0_seed0",
      "condition": "dice_ce_topo_dem_shuffled",
      "lambda_topo": 2.0,
      "status": "done",
      "best_epoch": 34,
      "last_epoch": 49,
      "best_val_miou": 0.8494823287777974,
      "val_mean_iou": 0.8494823287777974,
      "val_iou_water": 0.735364298390841,
      "val_f1_water": 0.847504237666668,
      "val_precision_water": 0.8623974848632885,
      "val_recall_water": 0.8331166582126872,
      "val_topo_violation_fraction": 0.0009002111316321199,
      "val_train_loss_total": null,
      "val_train_loss_topo": null,
      "val_train_loss_dice_ce": null,
      "test_mean_iou": 0.8607934536915436,
      "test_iou_water": 0.758967173289008,
      "test_f1_water": 0.8629691159839575,
      "test_precision_water": 0.8850127960625483,
      "test_recall_water": 0.8419968660625595,
      "test_topo_violation_fraction": 0.000924089247032108,
      "test_train_loss_total": null,
      "test_train_loss_topo": null,
      "test_train_loss_dice_ce": null,
      "bolivia_mean_iou": 0.8484270639116898,
      "bolivia_iou_water": 0.7486583917886547,
      "bolivia_f1_water": 0.8562660326387392,
      "bolivia_precision_water": 0.8701515065539353,
      "bolivia_recall_water": 0.8428167540187836,
      "bolivia_topo_violation_fraction": 0.0015725706039102498,
      "bolivia_train_loss_total": null,
      "bolivia_train_loss_topo": null,
      "bolivia_train_loss_dice_ce": null,
      "train_loss_total": 0.49111535146832463,
      "train_loss_topo": 0.01910532561596483,
      "train_loss_dice": 0.2935775589942932,
      "train_loss_ce": 0.15932713858783246,
      "lambda_topo_epoch": 2.0,
      "effective_topo_contribution": 0.08436797285592491,
      "val_delta_vs_baseline": -0.005075105544335656,
      "test_delta_vs_baseline": -0.0006746770982364314,