{
  "runs": [
    {
      "tag": "segman_n100_dice_ce_seed0",
      "condition": "dice_ce",
      "lambda_topo": 0.0,
      "status": "done",
      "best_epoch": 34,
      "last_epoch": 49,
      "best_val_miou": 0.854557434322133,
      "val_mean_iou": 0.854557434322133,
      "val_iou_water": 0.7448643463537015,
      "val_f1_water": 0.8537790893719253,
      "val_precision_water": 0.8504267251241068,
      "val_recall_water": 0.8571579881167588,
      "val_topo_violation_fraction": 0.001121893911956438,
      "test_mean_iou": 0.86146813078978,
      "test_iou_water": 0.760842125285709,
      "test_f1_water": 0.8641798311841921,
      "test_precision_water": 0.8679598262002393,
      "test_recall_water": 0.8604326174223073,
      "test_topo_violation_fraction": 0.001099195702794047,
      "bolivia_mean_iou": 0.8433759926467721,
      "bolivia_iou_water": 0.7422974286604338,
      "bolivia_f1_water": 0.8520903680965075,
      "bolivia_precision_water": 0.835269373956048,
      "bolivia_recall_water": 0.869602782370115,
      "bolivia_topo_violation_fraction": 0.00188701342246587,
      "train_loss_total": 0.45663244515657425,
      "train_loss_dice": 0.30061790883541106,
      "train_loss_ce": 0.1560145363211632,
      "train_loss_topo": 0.0,
      "lambda_topo_epoch": 0.0,
      "eff_d8_contribution": 0.0
    },
    {
      "tag": "segman_n100_d8_lambda1p0_seed0",
      "condition": "dice_ce_d8",
      "lambda_topo": 1.0,
      "status": "done",
      "best_epoch": 31,
      "last_epoch": 46,
      "best_val_miou": 0.8585988219693044,
      "val_mean_iou": 0.8585988219693044,
      "val_iou_water": 0.7500294659937705,
      "val_f1_water": 0.8571620999168256,
      "val_precision_water": 0.9059573783891279,
      "val_recall_water": 0.8133544571092753,
      "val_topo_violation_fraction": 0.0007754757576891298,
      "test_mean_iou": 0.860009982546774,
      "test_iou_water": 0.7569300106499931,
      "test_f1_water": 0.8616507271908453,
      "test_precision_water": 0.9025918662051167,
      "test_recall_water": 0.8242625679971287,
      "test_topo_violation_fraction": 0.0009108913123841754,
      "bolivia_mean_iou": 0.8419419542500008,
      "bolivia_iou_water": 0.7363103555738744,
      "bolivia_f1_water": 0.8481321938905487,
      "bolivia_precision_water": 0.8960133686961117,
      "bolivia_recall_water": 0.8051087797671392,
      "bolivia_topo_violation_fraction": 0.0015522494693777436,
      "train_loss_total": 0.438643452078104,
      "train_loss_dice": 0.28910896599292757,
      "train_loss_ce": 0.1495032356120646,
      "train_loss_topo": 3.124895609180611e-05,
      "lambda_topo_epoch": 1.0,
      "eff_d8_contribution": 7.124506791525255e-05
    },
    {
      "tag": "segman_n100_d8_dem_shuffled_lambda1p0_seed0",
      "condition": "dice_ce_d8_dem_shuffled",
      "lambda_topo": 1.0,
      "status": "done",
      "best_epoch": 22,
      "last_epoch": 37,
      "best_val_miou": 0.8401266495923844,
      "val_mean_iou": 0.8401266495923844,
      "val_iou_water": 0.7177730509181309,
      "val_f1_water": 0.8357018414446414,
      "val_precision_water": 0.8869248235802891,
      "val_recall_water": 0.7900724211824697,
      "val_topo_violation_fraction": 0.0006480754296876193,
      "test_mean_iou": 0.8460259366972277,
      "test_iou_water": 0.7327939035359079,
      "test_f1_water": 0.8457946464845958,
      "test_precision_water": 0.8926979839041348,
      "test_recall_water": 0.8035739824737997,
      "test_topo_violation_fraction": 0.0007935647909864134,
      "bolivia_mean_iou": 0.8378843879598303,
      "bolivia_iou_water": 0.7306488399528116,
      "bolivia_f1_water": 0.8443640594041408,
      "bolivia_precision_water": 0.8736646102919049,
      "bolivia_recall_water": 0.8169650708783285,
      "bolivia_topo_violation_fraction": 0.001283796586869374,
      "train_loss_total": 0.5049911060929299,
      "train_loss_dice": 0.32807170152664183,
      "train_loss_ce": 0.17688147254288197,
      "train_loss_topo": 3.79355877488724e-05,
      "lambda_topo_epoch": 1.0,
      "eff_d8_contribution": 7.512694185708652e-05
    }
  ],
  "delta_table": [
    {
      "split": "val",
      "metric": "mean_iou",
      "baseline": "0.85456",
      "d8_real": "0.85860",
      "d8_shuf": "0.84013",
      "real_vs_baseline": "+0.00404",
      "shuf_vs_baseline": "-0.01443",
      "real_vs_shuf": "+0.01847"
    },
    {
      "split": "val",
      "metric": "iou_water",
      "baseline": "0.74486",
      "d8_real": "0.75003",
      "d8_shuf": "0.71777",
      "real_vs_baseline": "+0.00517",
      "shuf_vs_baseline": "-0.02709",
      "real_vs_shuf": "+0.03226"
    },
    {
      "split": "val",
      "metric": "f1_water",
      "baseline": "0.85378",
      "d8_real": "0.85716",
      "d8_shuf": "0.83570",
      "real_vs_baseline": "+0.00338",
      "shuf_vs_baseline": "-0.01808",
      "real_vs_shuf": "+0.02146"
    },
    {
      "split": "val",
      "metric": "precision_water",
      "baseline": "0.85043",
      "d8_real": "0.90596",
      "d8_shuf": "0.88692",
      "real_vs_baseline": "+0.05553",
      "shuf_vs_baseline": "+0.03650",
      "real_vs_shuf": "+0.01903"
    },
    {
      "split": "val",
      "metric": "recall_water",
      "baseline": "0.85716",
      "d8_real": "0.81335",
      "d8_shuf": "0.79007",
      "real_vs_baseline": "-0.04380",
      "shuf_vs_baseline": "-0.06709",
      "real_vs_shuf": "+0.02328"
    },
    {
      "split": "val",
      "metric": "topo_violation_fraction",
      "baseline": "0.00112",
      "d8_real": "0.00078",
      "d8_shuf": "0.00065",
      "real_vs_baseline": "-0.00035",
      "shuf_vs_baseline": "-0.00047",
      "real_vs_shuf": "+0.00013"
    },
    {
      "split": "test",
      "metric": "mean_iou",
      "baseline": "0.86147",
      "d8_real": "0.86001",
      "d8_shuf": "0.84603",
      "real_vs_baseline": "-0.00146",
      "shuf_vs_baseline": "-0.01544",
      "real_vs_shuf": "+0.01398"
    },
    {
      "split": "test",
      "metric": "iou_water",
      "baseline": "0.76084",
      "d8_real": "0.75693",
      "d8_shuf": "0.73279",
      "real_vs_baseline": "-0.00391",
      "shuf_vs_baseline": "-0.02805",
      "real_vs_shuf": "+0.02414"
    },
    {
      "split": "test",
      "metric": "f1_water",
      "baseline": "0.86418",
      "d8_real": "0.86165",
      "d8_shuf": "0.84579",
      "real_vs_baseline": "-0.00253",
      "shuf_vs_baseline": "-0.01839",
      "real_vs_shuf": "+0.01586"
    },
    {
      "split": "test",
      "metric": "precision_water",
      "baseline": "0.86796",
      "d8_real": "0.90259",
      "d8_shuf": "0.89270",
      "real_vs_baseline": "+0.03463",
      "shuf_vs_baseline": "+0.02474",
      "real_vs_shuf": "+0.00989"
    },
    {
      "split": "test",
      "metric": "recall_water",
      "baseline": "0.86043",
      "d8_real": "0.82426",
      "d8_shuf": "0.80357",
      "real_vs_baseline": "-0.03617",
      "shuf_vs_baseline": "-0.05686",
      "real_vs_shuf": "+0.02069"
    },
    {
      "split": "test",
      "metric": "topo_violation_fraction",
      "baseline": "0.00110",
      "d8_real": "0.00091",
      "d8_shuf": "0.00079",
      "real_vs_baseline": "-0.00019",
      "shuf_vs_baseline": "-0.00031",
      "real_vs_shuf": "+0.00012"
    },
    {
      "split": "bolivia",
      "metric": "mean_iou",
      "baseline": "0.84338",
      "d8_real": "0.84194",
      "d8_shuf": "0.83788",
      "real_vs_baseline": "-0.00143",
      "shuf_vs_baseline": "-0.00549",
      "real_vs_shuf": "+0.00406"
    },
    {
      "split": "bolivia",
      "metric": "iou_water",
      "baseline": "0.74230",
      "d8_real": "0.73631",
      "d8_shuf": "0.73065",
      "real_vs_baseline": "-0.00599",
      "shuf_vs_baseline": "-0.01165",
      "real_vs_shuf": "+0.00566"
    },
    {
      "split": "bolivia",
      "metric": "f1_water",
      "baseline": "0.85209",
      "d8_real": "0.84813",
      "d8_shuf": "0.84436",
      "real_vs_baseline": "-0.00396",