{
  "step": "6C-v3-low-data-n50-seed42-eval",
  "generated": "2026-06-23T06:36:10+00:00",
  "checkpoint": "E:\\flood_research\\experiments\\terramind_baseline\\runs\\step6c_v3_low_data_n50_seed42_lambda05_warmup\\checkpoints\\best_checkpoint.pt",
  "dem_as_model_input": false,
  "lambda_topo_eval": 0.5,
  "metrics": {
    "valid": {
      "miou": 0.8242505159574861,
      "iou_background": 0.9570924133035043,
      "iou_water": 0.691408618611468,
      "f1_water": 0.8175536189227505,
      "precision_water": 0.8409052255221364,
      "recall_water": 0.7954639000180997,
      "water_pred_pixels": 2116688,
      "pred_water_fraction": 0.10429744675032551,
      "loss_dice": 0.19738655658655388,
      "loss_topo": 0.00013374110041925548,
      "topographic_inconsistency_score": 0.00013374110041925548,
      "topo_violation_fraction": 0.0008361487408661287,
      "topo_descending_pair_count": 38649822,
      "topo_violation_pair_count": 32317,
      "batches": 43,
      "batchnorm_eval_modules": 13
    },
    "test": {
      "miou": 0.8435558235034043,
      "iou_background": 0.9561100063651696,
      "iou_water": 0.731001640641639,
      "f1_water": 0.8445995930664456,
      "precision_water": 0.837312731482634,
      "recall_water": 0.8520143984979547,
      "water_pred_pixels": 2611157,
      "pred_water_fraction": 0.12726569642196292,
      "loss_dice": 0.18336591720581055,
      "loss_topo": 0.0003928315883454017,
      "topographic_inconsistency_score": 0.0003928315883454017,
      "topo_violation_fraction": 0.0009688011476799265,
      "topo_descending_pair_count": 38490871,
      "topo_violation_pair_count": 37290,
      "batches": 45,
      "batchnorm_eval_modules": 13
    },
    "bolivia": {
      "miou": 0.8225754051335614,
      "iou_background": 0.9369591472759758,
      "iou_water": 0.7081916629911471,
      "f1_water": 0.8291711970436159,
      "precision_water": 0.8218736366502957,
      "recall_water": 0.8365995110626473,
      "water_pred_pixels": 463014,
      "pred_water_fraction": 0.16145183702574956,
      "loss_dice": 0.2016545571386814,
      "loss_topo": 0.0001354284057129007,
      "topographic_inconsistency_score": 0.0001354284057129007,
      "topo_violation_fraction": 0.0021251628587415547,
      "topo_descending_pair_count": 5609923,
      "topo_violation_pair_count": 11922,
      "batches": 8,
      "batchnorm_eval_modules": 13
    }
  }
}
