{
  "step": "6C-v3-base-unetdecoder-fulldata-eval",
  "generated": "2026-06-23T11:43:25+00:00",
  "checkpoint": "E:\\flood_research\\experiments\\terramind_baseline\\runs\\step6c_v3_terramind_base_unetdecoder_dice_topographic_lambda05_warmup\\checkpoints\\best_checkpoint.pt",
  "best_epoch": 42,
  "dem_as_model_input": false,
  "lambda_topo_eval": 0.5,
  "metrics": {
    "valid": {
      "miou": 0.8651695249840105,
      "iou_background": 0.9669253567647706,
      "iou_water": 0.7634136932032503,
      "f1_water": 0.8658361859678035,
      "precision_water": 0.8572150656791075,
      "recall_water": 0.8746324753475256,
      "water_pred_pixels": 2283070,
      "pred_water_fraction": 0.11249573472909832,
      "loss_dice": 0.15925091435742933,
      "loss_topo": 0.0002007930131692901,
      "topographic_inconsistency_score": 0.0002007930131692901,
      "topo_violation_fraction": 0.0015253886550887607,
      "topo_descending_pair_count": 38649822,
      "topo_violation_pair_count": 58956,
      "batches": 43,
      "batchnorm_eval_modules": 9
    },
    "test": {
      "miou": 0.8718616432392754,
      "iou_background": 0.9649623071351178,
      "iou_water": 0.7787609793434329,
      "f1_water": 0.8756218383325286,
      "precision_water": 0.8734106540701563,
      "recall_water": 0.8778442469723522,
      "water_pred_pixels": 2579127,
      "pred_water_fraction": 0.12570457992977363,
      "loss_dice": 0.14653430846002366,
      "loss_topo": 0.0001923233007599063,
      "topographic_inconsistency_score": 0.0001923233007599063,
      "topo_violation_fraction": 0.0014281828020987106,
      "topo_descending_pair_count": 38490871,
      "topo_violation_pair_count": 54972,
      "batches": 45,
      "batchnorm_eval_modules": 9
    },
    "bolivia": {
      "miou": 0.8388259946731933,
      "iou_background": 0.9433453730649856,
      "iou_water": 0.7343066162814009,
      "f1_water": 0.8468013780122207,
      "precision_water": 0.840163251527237,
      "recall_water": 0.8535452354989623,
      "water_pred_pixels": 462109,
      "pred_water_fraction": 0.1611362657633076,
      "loss_dice": 0.186343003064394,
      "loss_topo": 0.0001567407576885671,
      "topographic_inconsistency_score": 0.0001567407576885671,
      "topo_violation_fraction": 0.002490943280326664,
      "topo_descending_pair_count": 5609923,
      "topo_violation_pair_count": 13974,
      "batches": 8,
      "batchnorm_eval_modules": 9
    }
  }
}
