{
  "step": "5I-matched-dice-only-eval",
  "generated": "2026-06-23T14:03:21+00:00",
  "checkpoint": "E:\\flood_research\\experiments\\terramind_baseline\\runs\\step5i_matched_base_unetdecoder_dice_only\\checkpoints\\best_checkpoint.pt",
  "best_epoch": 77,
  "dem_as_model_input": false,
  "lambda_topo_eval": 0.0,
  "metrics": {
    "valid": {
      "miou": 0.87543025414847,
      "iou_background": 0.9697584790124945,
      "iou_water": 0.7811020292844456,
      "f1_water": 0.877099701692274,
      "precision_water": 0.8708752804736585,
      "recall_water": 0.8834137392435215,
      "water_pred_pixels": 2269821,
      "pred_water_fraction": 0.11184290499132164,
      "loss_dice": 0.14725366512010263,
      "loss_topo": 0.00019329563060954422,
      "topographic_inconsistency_score": 0.00019329563060954422,
      "topo_violation_fraction": 0.001536954038235933,
      "topo_descending_pair_count": 38649822,
      "topo_violation_pair_count": 59403,
      "batches": 43,
      "batchnorm_eval_modules": 9
    },
    "test": {
      "miou": 0.8712496760697539,
      "iou_background": 0.9654439536024931,
      "iou_water": 0.7770553985370147,
      "f1_water": 0.8745426835615099,
      "precision_water": 0.8901391840744295,
      "recall_water": 0.8594833172973316,
      "water_pred_pixels": 2477726,
      "pred_water_fraction": 0.12076237657590275,
      "loss_dice": 0.15042581558227539,
      "loss_topo": 0.00018640338672008106,
      "topographic_inconsistency_score": 0.00018640338672008106,
      "topo_violation_fraction": 0.0014462650117738308,
      "topo_descending_pair_count": 38490871,
      "topo_violation_pair_count": 55668,
      "batches": 45,
      "batchnorm_eval_modules": 9
    },
    "bolivia": {
      "miou": 0.837696437860936,
      "iou_background": 0.9460869801352907,
      "iou_water": 0.7293058955865811,
      "f1_water": 0.8434666156495122,
      "precision_water": 0.8923798611843735,
      "recall_water": 0.7996368145203842,
      "water_pred_pixels": 407591,
      "pred_water_fraction": 0.14212597395578166,
      "loss_dice": 0.18379801511764526,
      "loss_topo": 0.00015555552243540037,
      "topographic_inconsistency_score": 0.00015555552243540037,
      "topo_violation_fraction": 0.00266616850177801,
      "topo_descending_pair_count": 5609923,
      "topo_violation_pair_count": 14957,
      "batches": 8,
      "batchnorm_eval_modules": 9
    }
  }
}
