{
  "meta": {
    "run_tag": "segman_n100_dice_ce_seed0",
    "config": "C:\\flood_research\\repos\\physics-informed-flood-segmentation\\configs\\segman\\multiseed_n100\\n100_seed0_dice_ce.yaml",
    "checkpoint": "E:\\flood_research\\experiments\\segman\\runs\\segman_n100_dice_ce_seed0\\checkpoints\\best_checkpoint.pt",
    "best_epoch": 34,
    "best_validation_miou": 0.854557434322133,
    "train_split": "train",
    "eval_splits": [
      "val",
      "test",
      "bolivia"
    ],
    "feature_set": [
      "rel_elev",
      "slope",
      "tpi5",
      "tpi15",
      "tpi31",
      "curvature"
    ],
    "predictor": "HistGradientBoostingClassifier(max_iter=300)",
    "cap_train": 20000,
    "cap_eval": 20000,
    "sampling": "random (natural prevalence)",
    "n_boot": 500,
    "boot_cap_per_tile": 5000,
    "seed": 0,
    "train_pixels": 1981892,
    "train_prevalence": 0.09020219063400024
  },
  "results": {
    "val": {
      "A": {
        "n_pix": 1720000,
        "prevalence": 0.11402616279069767,
        "auc": 0.9839952584766818,
        "ap": 0.9275421101787584,
        "brier": 0.024361133475685092,
        "logloss": 0.08782933949165248
      },
      "B": {
        "n_pix": 1720000,
        "prevalence": 0.11402616279069767,
        "auc": 0.9860888685168754,
        "ap": 0.932213474698739,
        "brier": 0.024228537311942522,
        "logloss": 0.08537830336778046
      },
      "C": {
        "n_pix": 1720000,
        "prevalence": 0.11402616279069767,
        "auc": 0.8365678089466055,
        "ap": 0.5222712274740323,
        "brier": 0.07037993476755262,
        "logloss": 0.2557761303840352
      },
      "D": {
        "n_pix": 1720000,
        "prevalence": 0.11402616279069767,
        "auc": 0.9840277726199818,
        "ap": 0.9301766873991802,
        "brier": 0.02437182984157382,
        "logloss": 0.08785287429726521
      },
      "A_pos": {
        "n_pix": 1720000,
        "prevalence": 0.11402616279069767,
        "auc": 0.9796025357790665,
        "ap": 0.9087736301258891,
        "brier": 0.02809899402034806,
        "logloss": 0.09895817789471721
      },
      "B_pos": {
        "n_pix": 1720000,
        "prevalence": 0.11402616279069767,
        "auc": 0.9822918816753459,
        "ap": 0.9070407575768813,
        "brier": 0.02872399465795022,
        "logloss": 0.1016334650891646
      },
      "delta_BA": {
        "dAUC": 0.002093610040193594,
        "dAP": 0.004671364519980625,
        "dBrier": -0.0001325961637425703,
        "dLogLoss": -0.0024510361238720135
      },
      "delta_BA_pos": {
        "dAUC": 0.002689345896279338,
        "dAP": -0.00173287254900778
      },
      "uncertain": {
        "n_pix": 341849,
        "prevalence": 0.22068808157987885,
        "A_auc": 0.87987707032135,
        "B_auc": 0.8911617109000507,
        "C_auc": 0.6883625432153427,
        "A_ap": 0.7026079215586181,
        "B_ap": 0.7129285843223082,
        "dAUC": 0.011284640578700711,
        "dAP": 0.010320662763690147
      },
      "bootstrap_BA": {
        "dAUC_ci": [
          0.0007656874773094485,
          0.002136672829401866,
          0.004334876028521265
        ],
        "dAP_ci": [
          0.00017455334584030592,
          0.005138528901935847,
          0.01217155786061315
        ],
        "n_boot_used": 500
      },
      "n_tiles": 86
    },
    "test": {
      "A": {
        "n_pix": 1780000,
        "prevalence": 0.13498033707865167,
        "auc": 0.9848352643465612,
        "ap": 0.9162479994694891,
        "brier": 0.029713275286624413,
        "logloss": 0.10419117660022734
      },
      "B": {
        "n_pix": 1780000,
        "prevalence": 0.13498033707865167,
        "auc": 0.9839744072397419,
        "ap": 0.9128454508645698,
        "brier": 0.031930083727983054,
        "logloss": 0.11206717355384449
      },
      "C": {
        "n_pix": 1780000,
        "prevalence": 0.13498033707865167,
        "auc": 0.8335848018256595,
        "ap": 0.5789152905295467,
        "brier": 0.07709678933686849,
        "logloss": 0.2848794730825298
      },
      "D": {
        "n_pix": 1780000,
        "prevalence": 0.13498033707865167,
        "auc": 0.9848335195980313,
        "ap": 0.9172599320885428,
        "brier": 0.02972691734516371,
        "logloss": 0.10444621666492326
      },
      "A_pos": {
        "n_pix": 1780000,
        "prevalence": 0.13498033707865167,
        "auc": 0.9806672808322865,
        "ap": 0.9129335190378552,
        "brier": 0.03006019375126205,
        "logloss": 0.10610957529749526
      },
      "B_pos": {
        "n_pix": 1780000,
        "prevalence": 0.13498033707865167,
        "auc": 0.9829215890293507,
        "ap": 0.9140991952241972,
        "brier": 0.031147105331096086,
        "logloss": 0.11374399601896458
      },
      "delta_BA": {
        "dAUC": -0.0008608571068192683,
        "dAP": -0.0034025486049192866,
        "dBrier": 0.0022168084413586413,
        "dLogLoss": 0.007875996953617154
      },
      "delta_BA_pos": {
        "dAUC": 0.002254308197064181,
        "dAP": 0.0011656761863420018
      },
      "uncertain": {
        "n_pix": 347037,
        "prevalence": 0.29516161100977706,
        "A_auc": 0.8819544569649653,
        "B_auc": 0.8614474656271979,
        "C_auc": 0.652119878020478,
        "A_ap": 0.7470885865447643,
        "B_ap": 0.7267387552775293,
        "dAUC": -0.020506991337767455,
        "dAP": -0.020349831267234997
      },
      "bootstrap_BA": {
        "dAUC_ci": [
          -0.0037734273100619555,
          -0.0008583955872907289,
          0.0016144196802952175
        ],
        "dAP_ci": [
          -0.02012669287701312,
          -0.003969730553598206,
          0.005970807787035729
        ],
        "n_boot_used": 500
      },
      "n_tiles": 89
    },
    "bolivia": {
      "A": {
        "n_pix": 300000,
        "prevalence": 0.16955666666666666,
        "auc": 0.9817255866874345,
        "ap": 0.9254419582246909,
        "brier": 0.0369839505281218,
        "logloss": 0.12683132930011742
      },
      "B": {
        "n_pix": 300000,
        "prevalence": 0.16955666666666666,
        "auc": 0.9821527154033242,
        "ap": 0.9259781642916325,
        "brier": 0.0372978739195539,
        "logloss": 0.12600604781304098
      },
      "C": {
        "n_pix": 300000,
        "prevalence": 0.16955666666666666,
        "auc": 0.7659656894348105,
        "ap": 0.364636603405709,
        "brier": 0.1304583827711812,
        "logloss": 0.4115800556042384
      },
      "D": {
        "n_pix": 300000,
        "prevalence": 0.16955666666666666,
        "auc": 0.9817389969861999,
        "ap": 0.9286741332244035,
        "brier": 0.036997828706346034,
        "logloss": 0.1268883768768702
      },
      "A_pos": {
        "n_pix": 300000,
        "prevalence": 0.16955666666666666,
        "auc": 0.9832834199055206,
        "ap": 0.9557799059335716,
        "brier": 0.025669228729327035,
        "logloss": 0.10030910736189522
      },
      "B_pos": {
        "n_pix": 300000,
        "prevalence": 0.16955666666666666,
        "auc": 0.9851846602310402,
        "ap": 0.9585226571943269,
        "brier": 0.02649018432140342,
        "logloss": 0.10100253592923429
      },
      "delta_BA": {
        "dAUC": 0.0004271287158896797,
        "dAP": 0.0005362060669416024,
        "dBrier": 0.0003139233914321027,
        "dLogLoss": -0.0008252814870764458
      },
      "delta_BA_pos": {
        "dAUC": 0.0019012403255196375,
        "dAP": 0.002742751260755294
      },
      "uncertain": {
        "n_pix": 86476,
        "prevalence": 0.2539201628197419,
        "A_auc": 0.8838918001804216,
        "B_auc": 0.8883563222485839,
        "C_auc": 0.6230947475057151,
        "A_ap": 0.7125707957884603,
        "B_ap": 0.7033554017239192,
        "dAUC": 0.00446452206816228,
        "dAP": -0.009215394064541083
      },